Metric,Average,Total
Electricity Usage (kWh),14329.666666666666,171956.0
Gas Usage (kWh),7664.416666666667,91973.0
Renewable Usage (kWh),3608.3333333333335,43300.0
CO2 Emissions (Tons),185.70626624866847,2228.4751949840215
Waste Generated (Tons),99.18241057442278,1190.1889268930734
Waste Recycled (Tons),38.104626317830785,457.25551581396945
Waste Composted (Tons),18.650753530473708,223.8090423656845
Waste Landfilled (Tons),32.65780960709984,391.8937152851981
Units Produced,2659.0,31908.0
